{
	"name": "PL_01_DataMerge_Main",
	"properties": {
		"activities": [
			{
				"name": "ForEachBatch",
				"description": "Iterates over the BatchGroupId list sequentially.",
				"type": "ForEach",
				"dependsOn": [
					{
						"activity": "Lookup DmLog Batches",
						"dependencyConditions": [
							"Succeeded"
						]
					}
				],
				"userProperties": [],
				"typeProperties": {
					"items": {
						"value": "@activity('Lookup DmLog Batches').output.value",
						"type": "Expression"
					},
					"isSequential": true,
					"activities": [
						{
							"name": "Execute PL_01_DataMerge",
							"type": "ExecutePipeline",
							"dependsOn": [],
							"policy": {
								"secureInput": false
							},
							"userProperties": [],
							"typeProperties": {
								"pipeline": {
									"referenceName": "PL_01_DataMerge",
									"type": "PipelineReference"
								},
								"waitOnCompletion": true,
								"parameters": {
									"BatchGroupId": {
										"value": "@item().BatchGroupId",
										"type": "Expression"
									},
									"FactoryName": {
										"value": "@coalesce(pipeline().parameters.FactoryName,pipeline().DataFactory)",
										"type": "Expression"
									},
									"MainRunId": {
										"value": "@pipeline().parameters.MainRunId",
										"type": "Expression"
									},
									"ModuleRunId": {
										"value": "@coalesce(\npipeline().parameters.ModuleRunId,\npipeline().RunId\n)",
										"type": "Expression"
									},
									"TriggerName": {
										"value": "@coalesce(\npipeline().parameters.TriggerName,\npipeline().TriggerName\n)",
										"type": "Expression"
									}
								}
							}
						}
					]
				}
			},
			{
				"name": "Update FwkLog Succeeded",
				"description": "Executes the SP 'spu_FwkLogUpdate' which updates the log record.",
				"type": "SqlServerStoredProcedure",
				"dependsOn": [
					{
						"activity": "ForEachBatch",
						"dependencyConditions": [
							"Succeeded"
						]
					}
				],
				"policy": {
					"timeout": "0.12:00:00",
					"retry": 0,
					"retryIntervalInSeconds": 30,
					"secureOutput": false,
					"secureInput": false
				},
				"userProperties": [],
				"typeProperties": {
					"storedProcedureName": "[dbo].[spu_FwkLogUpdate]",
					"storedProcedureParameters": {
						"FactoryName": {
							"value": {
								"value": "@coalesce(pipeline().parameters.FactoryName,pipeline().DataFactory)",
								"type": "Expression"
							},
							"type": "String"
						},
						"MainRunId": {
							"value": {
								"value": "@pipeline().parameters.MainRunId",
								"type": "Expression"
							},
							"type": "String"
						},
						"ModuleRunId": {
							"value": {
								"value": "@coalesce(\npipeline().parameters.ModuleRunId,\npipeline().RunId\n)",
								"type": "Expression"
							},
							"type": "String"
						},
						"PipelineStatus": {
							"value": "Succeeded",
							"type": "String"
						},
						"ModuleName": {
							"value": "Data Merge",
							"type": "String"
						}
					}
				},
				"linkedServiceName": {
					"referenceName": "LS_metastoredb",
					"type": "LinkedServiceReference"
				}
			},
			{
				"name": "Update FwkLog Failed",
				"description": "Executes the SP 'spu_FwkLogUpdate' which updates the log record.",
				"type": "SqlServerStoredProcedure",
				"dependsOn": [
					{
						"activity": "Update FwkLog Succeeded",
						"dependencyConditions": [
							"Skipped"
						]
					}
				],
				"policy": {
					"timeout": "0.12:00:00",
					"retry": 0,
					"retryIntervalInSeconds": 30,
					"secureOutput": false,
					"secureInput": false
				},
				"userProperties": [],
				"typeProperties": {
					"storedProcedureName": "[dbo].[spu_FwkLogUpdate]",
					"storedProcedureParameters": {
						"FactoryName": {
							"value": {
								"value": "@coalesce(pipeline().parameters.FactoryName,pipeline().DataFactory)",
								"type": "Expression"
							},
							"type": "String"
						},
						"MainRunId": {
							"value": {
								"value": "@pipeline().parameters.MainRunId",
								"type": "Expression"
							},
							"type": "String"
						},
						"ModuleRunId": {
							"value": {
								"value": "@coalesce(\npipeline().parameters.ModuleRunId,\npipeline().RunId\n)",
								"type": "Expression"
							},
							"type": "String"
						},
						"PipelineError": {
							"value": "An error occurred on the pipeline PL_01_DataMerge_Main",
							"type": "String"
						},
						"PipelineStatus": {
							"value": "Failed",
							"type": "String"
						},
						"ModuleName": {
							"value": "Data Merge",
							"type": "String"
						}
					}
				},
				"linkedServiceName": {
					"referenceName": "LS_metastoredb",
					"type": "LinkedServiceReference"
				}
			},
			{
				"name": "Lookup DmLog Batches",
				"description": "Executes the SP 'sps_LookupDm_Batches' which gets the distinct batchGroupId of specific parameters.",
				"type": "Lookup",
				"dependsOn": [],
				"policy": {
					"timeout": "0.12:00:00",
					"retry": 0,
					"retryIntervalInSeconds": 30,
					"secureOutput": false,
					"secureInput": false
				},
				"userProperties": [],
				"typeProperties": {
					"source": {
						"type": "AzureSqlSource",
						"sqlReaderStoredProcedureName": "[dbo].[sps_LookupDm_Batches]",
						"storedProcedureParameters": {
							"FactoryName": {
								"type": "String",
								"value": {
									"value": "@coalesce(pipeline().parameters.FactoryName,pipeline().DataFactory)",
									"type": "Expression"
								}
							},
							"MainRunId": {
								"type": "String",
								"value": {
									"value": "@pipeline().parameters.MainRunId",
									"type": "Expression"
								}
							},
							"ModuleRunId": {
								"type": "String",
								"value": {
									"value": "@coalesce(\npipeline().parameters.ModuleRunId,\npipeline().RunId\n)",
									"type": "Expression"
								}
							},
							"TriggerName": {
								"type": "String",
								"value": {
									"value": "@coalesce(\npipeline().parameters.TriggerName,\npipeline().TriggerName\n)",
									"type": "Expression"
								}
							},
							"ModuleName": {
								"type": "String",
								"value": "Data Merge"
							},
							"PipelineName": {
								"type": "String",
								"value": {
									"value": "@pipeline().Pipeline",
									"type": "Expression"
								}
							},
							"PipelineTriggerId": {
								"type": "String",
								"value": {
									"value": "@pipeline().TriggerId",
									"type": "Expression"
								}
							},
							"PipelineTriggerType": {
								"type": "String",
								"value": {
									"value": "@pipeline().TriggerType",
									"type": "Expression"
								}
							},
							"DmLogIds": {
								"type": "String",
								"value": {
									"value": "@pipeline().parameters.DmLogIds",
									"type": "Expression"
								}
							}
						},
						"queryTimeout": "02:00:00",
						"partitionOption": "None"
					},
					"dataset": {
						"referenceName": "DS_SQL_MetastoreDB",
						"type": "DatasetReference",
						"parameters": {
							"tableName": "dummy",
							"tableSchema": "dummy"
						}
					},
					"firstRowOnly": false
				}
			}
		],
		"parameters": {
			"FactoryName": {
				"type": "string"
			},
			"TriggerName": {
				"type": "string"
			},
			"MainRunId": {
				"type": "string"
			},
			"ModuleRunId": {
				"type": "string"
			},
			"PipelineRunId": {
				"type": "string"
			},
			"DmLogIds": {
				"type": "string"
			}
		},
		"folder": {
			"name": "02.5 Data Merge Module"
		},
		"annotations": [],
		"lastPublishTime": "2022-06-17T16:52:55Z"
	},
	"type": "Microsoft.DataFactory/factories/pipelines"
}