{
	"name": "PL_01_DataMerge",
	"properties": {
		"description": "Run data integration into the merge Zone.",
		"activities": [
			{
				"name": "Lookup Data Merge Log",
				"description": "Executes the SP ‘sps_LookupDm’ which gets the complete information of all selected items to perform the ingestion process.",
				"type": "Lookup",
				"dependsOn": [],
				"policy": {
					"timeout": "0.12:00:00",
					"retry": 0,
					"retryIntervalInSeconds": 30,
					"secureOutput": false,
					"secureInput": false
				},
				"userProperties": [],
				"typeProperties": {
					"source": {
						"type": "AzureSqlSource",
						"sqlReaderStoredProcedureName": "[dbo].[sps_LookupDm]",
						"storedProcedureParameters": {
							"BatchGroupId": {
								"type": "Int64",
								"value": {
									"value": "@pipeline().parameters.BatchGroupId",
									"type": "Expression"
								}
							},
							"FactoryName": {
								"type": "String",
								"value": {
									"value": "@pipeline().parameters.FactoryName",
									"type": "Expression"
								}
							},
							"MainRunId": {
								"type": "String",
								"value": {
									"value": "@pipeline().parameters.MainRunId",
									"type": "Expression"
								}
							},
							"ModuleRunId": {
								"type": "String",
								"value": {
									"value": "@pipeline().parameters.ModuleRunId",
									"type": "Expression"
								}
							},
							"TriggerName": {
								"type": "String",
								"value": {
									"value": "@pipeline().parameters.TriggerName",
									"type": "Expression"
								}
							},
							"DmLogIds": {
								"type": "String",
								"value": {
									"value": "@pipeline().parameters.DmLogIds",
									"type": "Expression"
								}
							}
						},
						"queryTimeout": "02:00:00",
						"partitionOption": "None"
					},
					"dataset": {
						"referenceName": "DS_SQL_MetastoreDB",
						"type": "DatasetReference",
						"parameters": {
							"tableName": "dummy",
							"tableSchema": "dummy"
						}
					},
					"firstRowOnly": false
				}
			},
			{
				"name": "Foreach Log record",
				"description": "Iterates over all selected items and performs the ingestion process parallelly.",
				"type": "ForEach",
				"dependsOn": [
					{
						"activity": "Lookup Data Merge Log",
						"dependencyConditions": [
							"Succeeded"
						]
					}
				],
				"userProperties": [],
				"typeProperties": {
					"items": {
						"value": "@activity('Lookup Data Merge Log').output.value",
						"type": "Expression"
					},
					"isSequential": false,
					"batchCount": 30,
					"activities": [
						{
							"name": "Notebook Data Merge",
							"type": "DatabricksNotebook",
							"dependsOn": [],
							"policy": {
								"timeout": "0.12:00:00",
								"retry": 0,
								"retryIntervalInSeconds": 30,
								"secureOutput": false,
								"secureInput": false
							},
							"userProperties": [],
							"typeProperties": {
								"notebookPath": {
									"value": "@item().NotebookPath",
									"type": "Expression"
								},
								"baseParameters": {
									"SourceInstanceURL": {
										"value": "@string(item().SourceInstanceURL)",
										"type": "Expression"
									},
									"SourceContainerName": {
										"value": "@string(item().SourceContainerName)",
										"type": "Expression"
									},
									"SourceFilePath": {
										"value": "@string(item().SourceFilePath)",
										"type": "Expression"
									},
									"SourceFileExtension": {
										"value": "@string(item().SourceFileExtension)",
										"type": "Expression"
									},
									"InputParameters": {
										"value": "@string(item().InputParameters)",
										"type": "Expression"
									},
									"OutputParameters": {
										"value": "@string(item().OutputParameters)",
										"type": "Expression"
									},
									"SourceKeySecretName": {
										"value": "@string(item().SourceKeySecretName)",
										"type": "Expression"
									},
									"NbRunParameters": {
										"value": "@string(item().FactoryParameters)",
										"type": "Expression"
									},
									"ColumnSchema": {
										"value": "@string(item().ColumnSchema)",
										"type": "Expression"
									},
									"ObjectSchema": {
										"value": "@string(item().ObjectSchema)",
										"type": "Expression"
									}
								}
							},
							"linkedServiceName": {
								"referenceName": "LS_databricks",
								"type": "LinkedServiceReference",
								"parameters": {
									"FactoryParameters": {
										"value": "@item().FactoryParameters",
										"type": "Expression"
									}
								}
							}
						},
						{
							"name": "Update DmLog Activity Succeeded",
							"description": "Executes the SP 'spu_DmLogUpdate' which updates the log record.",
							"type": "SqlServerStoredProcedure",
							"dependsOn": [
								{
									"activity": "Notebook Data Merge",
									"dependencyConditions": [
										"Succeeded"
									]
								}
							],
							"policy": {
								"timeout": "0.12:00:00",
								"retry": 0,
								"retryIntervalInSeconds": 30,
								"secureOutput": false,
								"secureInput": false
							},
							"userProperties": [],
							"typeProperties": {
								"storedProcedureName": "[dbo].[spu_DmLogUpdate]",
								"storedProcedureParameters": {
									"DmLogId": {
										"value": {
											"value": "@item().DmLogId",
											"type": "Expression"
										},
										"type": "Int64"
									},
									"Type": {
										"value": "PipelineDetailEnd",
										"type": "String"
									},
									"PipelineRunId": {
										"value": {
											"value": "@pipeline().RunId",
											"type": "Expression"
										},
										"type": "String"
									},
									"PipelineName": {
										"value": {
											"value": "@pipeline().Pipeline",
											"type": "Expression"
										},
										"type": "String"
									},
									"PipelineStatus": {
										"value": "Succeeded",
										"type": "String"
									},
									"ActivityDuration": {
										"value": {
											"value": "@activity('Notebook Data Merge').Duration",
											"type": "Expression"
										},
										"type": "String"
									},
									"ActivityStatus": {
										"value": {
											"value": "@activity('Notebook Data Merge').Status",
											"type": "Expression"
										},
										"type": "String"
									},
									"ActivityIntegrationRuntime": {
										"value": {
											"value": "@string(activity('Notebook Data Merge').ExecutionDetails.integrationRuntime)",
											"type": "Expression"
										},
										"type": "String"
									},
									"ActivityName": {
										"value": "Notebook Data Merge",
										"type": "String"
									},
									"ActivityOutputDetail": {
										"value": {
											"value": "@string(activity('Notebook Data Merge').output)",
											"type": "Expression"
										},
										"type": "String"
									},
									"ActivityRunId": {
										"value": {
											"value": "@activity('Notebook Data Merge').ActivityRunId",
											"type": "Expression"
										},
										"type": "String"
									},
									"ActivityStartTime": {
										"value": {
											"value": "@activity('Notebook Data Merge').ExecutionStartTime",
											"type": "Expression"
										},
										"type": "DateTime"
									},
									"ActivityEndTime": {
										"value": {
											"value": "@activity('Notebook Data Merge').ExecutionEndTime",
											"type": "Expression"
										},
										"type": "DateTime"
									},
									"ActivityType": {
										"value": {
											"value": "@activity('Notebook Data Merge').ActivityType",
											"type": "Expression"
										},
										"type": "String"
									},
									"NbRunPageURL": {
										"value": {
											"value": "@if(contains(activity('Notebook Data Merge').output,'runPageURL'),\nactivity('Notebook Data Merge').output.RunPageURL,\n''\n)",
											"type": "Expression"
										},
										"type": "String"
									},
									"NbRunOutput": {
										"value": {
											"value": "@string(json(string(activity('Notebook Data Merge').output.RunOutput)).notebookOutput)",
											"type": "Expression"
										},
										"type": "String"
									},
									"NbStatus": {
										"value": {
											"value": "@string(json(string(activity('Notebook Data Merge').output.RunOutput)).notebookStatus)",
											"type": "Expression"
										},
										"type": "String"
									}
								}
							},
							"linkedServiceName": {
								"referenceName": "LS_metastoredb",
								"type": "LinkedServiceReference"
							}
						},
						{
							"name": "Update DmLog Activity Failed",
							"description": "Executes the SP 'spu_DmLogUpdate' which updates the log record.",
							"type": "SqlServerStoredProcedure",
							"dependsOn": [
								{
									"activity": "Notebook Data Merge",
									"dependencyConditions": [
										"Failed"
									]
								}
							],
							"policy": {
								"timeout": "0.12:00:00",
								"retry": 0,
								"retryIntervalInSeconds": 30,
								"secureOutput": false,
								"secureInput": false
							},
							"userProperties": [],
							"typeProperties": {
								"storedProcedureName": "[dbo].[spu_DmLogUpdate]",
								"storedProcedureParameters": {
									"DmLogId": {
										"value": {
											"value": "@item().DmLogId",
											"type": "Expression"
										},
										"type": "Int64"
									},
									"Type": {
										"value": "PipelineDetailEnd",
										"type": "String"
									},
									"PipelineRunId": {
										"value": {
											"value": "@pipeline().RunId",
											"type": "Expression"
										},
										"type": "String"
									},
									"PipelineName": {
										"value": {
											"value": "@pipeline().Pipeline",
											"type": "Expression"
										},
										"type": "String"
									},
									"PipelineStatus": {
										"value": "Failed",
										"type": "String"
									},
									"PipelineError": {
										"value": "An error occurred on the Notebook Data Merge",
										"type": "String"
									},
									"ActivityDuration": {
										"value": {
											"value": "@activity('Notebook Data Merge').Duration",
											"type": "Expression"
										},
										"type": "String"
									},
									"ActivityStatus": {
										"value": {
											"value": "@activity('Notebook Data Merge').Status",
											"type": "Expression"
										},
										"type": "String"
									},
									"ActivityError": {
										"value": {
											"value": "@activity('Notebook Data Merge').Error.Message",
											"type": "Expression"
										},
										"type": "String"
									},
									"ActivityName": {
										"value": "Notebook Data Merge",
										"type": "String"
									},
									"ActivityRunId": {
										"value": {
											"value": "@activity('Notebook Data Merge').ActivityRunId",
											"type": "Expression"
										},
										"type": "String"
									},
									"ActivityStartTime": {
										"value": {
											"value": "@activity('Notebook Data Merge').ExecutionStartTime",
											"type": "Expression"
										},
										"type": "DateTime"
									},
									"ActivityEndTime": {
										"value": {
											"value": "@activity('Notebook Data Merge').ExecutionEndTime",
											"type": "Expression"
										},
										"type": "DateTime"
									},
									"ActivityType": {
										"value": {
											"value": "@activity('Notebook Data Merge').ActivityType",
											"type": "Expression"
										},
										"type": "String"
									},
									"NbRunPageURL": {
										"value": {
											"value": "@if(contains(activity('Notebook Data Merge').output,'runPageURL'),\nactivity('Notebook Data Merge').output.RunPageURL,\n''\n)",
											"type": "Expression"
										},
										"type": "String"
									},
									"NbRunError": {
										"value": {
											"value": "@if(contains(activity('Notebook Data Merge').output,'runError'),\nactivity('Notebook Data Merge').output.RunError,\n''\n)",
											"type": "Expression"
										},
										"type": "String"
									},
									"NbStatus": {
										"value": "Failed",
										"type": "String"
									}
								}
							},
							"linkedServiceName": {
								"referenceName": "LS_metastoredb",
								"type": "LinkedServiceReference"
							}
						}
					]
				}
			}
		],
		"parameters": {
			"BatchGroupId": {
				"type": "int"
			},
			"FactoryName": {
				"type": "string"
			},
			"MainRunId": {
				"type": "string"
			},
			"ModuleRunId": {
				"type": "string"
			},
			"TriggerName": {
				"type": "string"
			},
			"DmLogIds": {
				"type": "string"
			}
		},
		"folder": {
			"name": "02.5 Data Merge Module"
		},
		"annotations": [],
		"lastPublishTime": "2022-06-17T16:52:54Z"
	},
	"type": "Microsoft.DataFactory/factories/pipelines"
}