{
	"name": "PL_DataSupplyChainBus",
	"properties": {
		"description": "Controls the data flow.",
		"activities": [
			{
				"name": "ForEach module",
				"type": "ForEach",
				"dependsOn": [
					{
						"activity": "Lookup active modules by TriggerName",
						"dependencyConditions": [
							"Succeeded"
						]
					}
				],
				"userProperties": [],
				"typeProperties": {
					"items": {
						"value": "@activity('Lookup active modules by TriggerName').output.value",
						"type": "Expression"
					},
					"isSequential": true,
					"activities": [
						{
							"name": "Switch module",
							"type": "Switch",
							"dependsOn": [],
							"userProperties": [],
							"typeProperties": {
								"on": {
									"value": "@item().ModuleName",
									"type": "Expression"
								},
								"cases": [
									{
										"value": "Data Ingestion",
										"activities": [
											{
												"name": "Execute Data Ingestion Module",
												"description": "This pipeline calls the main pipeline of the Data Ingestion module.",
												"type": "ExecutePipeline",
												"dependsOn": [],
												"policy": {
													"secureInput": false
												},
												"userProperties": [],
												"typeProperties": {
													"pipeline": {
														"referenceName": "PL_01_DataIngestion_Main",
														"type": "PipelineReference"
													},
													"waitOnCompletion": true,
													"parameters": {
														"FactoryName": {
															"value": "@COALESCE(pipeline().parameters.FactoryName,pipeline().DataFactory)",
															"type": "Expression"
														},
														"TriggerName": {
															"value": "@COALESCE(pipeline().parameters.TriggerName,pipeline().TriggerName)",
															"type": "Expression"
														},
														"MainRunId": {
															"value": "@COALESCE(pipeline().parameters.MainRunId,pipeline().RunId)",
															"type": "Expression"
														},
														"SourceName": {
															"value": "@pipeline().parameters.SourceName",
															"type": "Expression"
														},
														"SrcObjectType": {
															"value": "@pipeline().parameters.SrcObjectType",
															"type": "Expression"
														}
													}
												}
											}
										]
									},
									{
										"value": "Data Split Reference Table",
										"activities": [
											{
												"name": "Execute Data Split Reference Table Module",
												"description": "Creates the delta tables on spark cluster that are used as \"reference tables\" to identify the protected and non-protected data",
												"type": "ExecutePipeline",
												"dependsOn": [],
												"policy": {
													"secureInput": false
												},
												"userProperties": [],
												"typeProperties": {
													"pipeline": {
														"referenceName": "PL_02_DataSplit_RefTable_Main",
														"type": "PipelineReference"
													},
													"waitOnCompletion": true,
													"parameters": {
														"FactoryName": {
															"value": "@COALESCE(pipeline().parameters.FactoryName,pipeline().DataFactory)",
															"type": "Expression"
														},
														"TriggerName": {
															"value": "@COALESCE(pipeline().parameters.TriggerName,pipeline().TriggerName)",
															"type": "Expression"
														},
														"MainRunId": {
															"value": "@COALESCE(pipeline().parameters.MainRunId,pipeline().RunId)",
															"type": "Expression"
														}
													}
												}
											}
										]
									},
									{
										"value": "Data Split",
										"activities": [
											{
												"name": "Execute Data Split Module",
												"description": "This pipeline calls the main pipeline of the Data Split module.",
												"type": "ExecutePipeline",
												"dependsOn": [],
												"policy": {
													"secureInput": false
												},
												"userProperties": [],
												"typeProperties": {
													"pipeline": {
														"referenceName": "PL_01_DataSplit_Main",
														"type": "PipelineReference"
													},
													"waitOnCompletion": true,
													"parameters": {
														"FactoryName": {
															"value": "@COALESCE(pipeline().parameters.FactoryName,pipeline().DataFactory)",
															"type": "Expression"
														},
														"TriggerName": {
															"value": "@COALESCE(pipeline().parameters.TriggerName,pipeline().TriggerName)",
															"type": "Expression"
														},
														"MainRunId": {
															"value": "@COALESCE(pipeline().parameters.MainRunId,pipeline().RunId)",
															"type": "Expression"
														}
													}
												}
											}
										]
									},
									{
										"value": "Data Merge",
										"activities": [
											{
												"name": "Execute Data Merge Module",
												"description": "This pipeline calls the main pipeline of the Data Merge module.",
												"type": "ExecutePipeline",
												"dependsOn": [],
												"policy": {
													"secureInput": false
												},
												"userProperties": [],
												"typeProperties": {
													"pipeline": {
														"referenceName": "PL_01_DataMerge_Main",
														"type": "PipelineReference"
													},
													"waitOnCompletion": true,
													"parameters": {
														"FactoryName": {
															"value": "@COALESCE(pipeline().parameters.FactoryName,pipeline().DataFactory)",
															"type": "Expression"
														},
														"TriggerName": {
															"value": "@COALESCE(pipeline().parameters.TriggerName,pipeline().TriggerName)",
															"type": "Expression"
														},
														"MainRunId": {
															"value": "@COALESCE(pipeline().parameters.MainRunId,pipeline().RunId)",
															"type": "Expression"
														}
													}
												}
											}
										]
									},
									{
										"value": "MDM_Integration",
										"activities": [
											{
												"name": "Execute MDM Module",
												"description": "This pipeline calls the master pipeline of the MDM module.\n",
												"type": "ExecutePipeline",
												"dependsOn": [],
												"policy": {
													"secureInput": false
												},
												"userProperties": [],
												"typeProperties": {
													"pipeline": {
														"referenceName": "PL_01_MDM_Master",
														"type": "PipelineReference"
													},
													"waitOnCompletion": true,
													"parameters": {
														"MainRunId": {
															"value": "@COALESCE(pipeline().parameters.MainRunId,pipeline().RunId)",
															"type": "Expression"
														},
														"FactoryName": {
															"value": "@COALESCE(pipeline().parameters.FactoryName,pipeline().DataFactory)",
															"type": "Expression"
														},
														"TriggerName": {
															"value": "@COALESCE(pipeline().parameters.TriggerName,pipeline().TriggerName)",
															"type": "Expression"
														}
													}
												}
											}
										]
									},
									{
										"value": "Data Standardization",
										"activities": [
											{
												"name": "Execute Data Standardization Module",
												"description": "This pipeline calls the main pipeline of the Data Standardization module.",
												"type": "ExecutePipeline",
												"dependsOn": [],
												"policy": {
													"secureInput": false
												},
												"userProperties": [],
												"typeProperties": {
													"pipeline": {
														"referenceName": "PL_01_DataStandardization_Main",
														"type": "PipelineReference"
													},
													"waitOnCompletion": true,
													"parameters": {
														"FactoryName": {
															"value": "@COALESCE(pipeline().parameters.FactoryName,pipeline().DataFactory)",
															"type": "Expression"
														},
														"TriggerName": {
															"value": "@COALESCE(pipeline().parameters.TriggerName,pipeline().TriggerName)",
															"type": "Expression"
														},
														"MainRunId": {
															"value": "@COALESCE(pipeline().parameters.MainRunId,pipeline().RunId)",
															"type": "Expression"
														}
													}
												}
											}
										]
									},
									{
										"value": "Data Segregation",
										"activities": [
											{
												"name": "Execute Data Segregation Module",
												"description": "This pipeline calls the main pipeline of the Data Segregation module.",
												"type": "ExecutePipeline",
												"dependsOn": [],
												"policy": {
													"secureInput": false
												},
												"userProperties": [],
												"typeProperties": {
													"pipeline": {
														"referenceName": "PL_01_DataSegregation_Main",
														"type": "PipelineReference"
													},
													"waitOnCompletion": true,
													"parameters": {
														"FactoryName": {
															"value": "@COALESCE(pipeline().parameters.FactoryName,pipeline().DataFactory)",
															"type": "Expression"
														},
														"TriggerName": {
															"value": "@COALESCE(pipeline().parameters.TriggerName,pipeline().TriggerName)",
															"type": "Expression"
														},
														"MainRunId": {
															"value": "@COALESCE(pipeline().parameters.MainRunId,pipeline().RunId)",
															"type": "Expression"
														}
													}
												}
											}
										]
									},
									{
										"value": "Data Validation",
										"activities": [
											{
												"name": "Execute Data Validation Module",
												"type": "ExecutePipeline",
												"dependsOn": [],
												"policy": {
													"secureInput": false
												},
												"userProperties": [],
												"typeProperties": {
													"pipeline": {
														"referenceName": "PL_01_DataValidation_Main",
														"type": "PipelineReference"
													},
													"waitOnCompletion": true,
													"parameters": {
														"FactoryName": {
															"value": "@COALESCE(pipeline().parameters.FactoryName,pipeline().DataFactory)",
															"type": "Expression"
														},
														"TriggerName": {
															"value": "@COALESCE(pipeline().parameters.TriggerName,pipeline().TriggerName)",
															"type": "Expression"
														},
														"MainRunId": {
															"value": "@COALESCE(pipeline().parameters.MainRunId,pipeline().RunId)",
															"type": "Expression"
														}
													}
												}
											}
										]
									},
									{
										"value": "Data Transformation",
										"activities": [
											{
												"name": "Execute Data Transformation Module",
												"type": "ExecutePipeline",
												"dependsOn": [],
												"policy": {
													"secureInput": false
												},
												"userProperties": [],
												"typeProperties": {
													"pipeline": {
														"referenceName": "PL_01_DataTransformation_Main",
														"type": "PipelineReference"
													},
													"waitOnCompletion": true,
													"parameters": {
														"FactoryName": {
															"value": "@COALESCE(pipeline().parameters.FactoryName,pipeline().DataFactory)",
															"type": "Expression"
														},
														"TriggerName": {
															"value": "@COALESCE(pipeline().parameters.TriggerName,pipeline().TriggerName)",
															"type": "Expression"
														},
														"MainRunId": {
															"value": "@COALESCE(pipeline().parameters.MainRunId,pipeline().RunId)",
															"type": "Expression"
														}
													}
												}
											}
										]
									},
									{
										"value": "Synapse External Objects",
										"activities": [
											{
												"name": "Execute Synapse External Objects Module",
												"description": "This pipeline calls the main pipeline of the Synapse External Objects module.",
												"type": "ExecutePipeline",
												"dependsOn": [],
												"policy": {
													"secureInput": false
												},
												"userProperties": [],
												"typeProperties": {
													"pipeline": {
														"referenceName": "PL_01_SynapseExternalObjects_Main",
														"type": "PipelineReference"
													},
													"waitOnCompletion": true,
													"parameters": {
														"FactoryName": {
															"value": "@COALESCE(pipeline().parameters.FactoryName,pipeline().DataFactory)",
															"type": "Expression"
														},
														"TriggerName": {
															"value": "@COALESCE(pipeline().parameters.TriggerName,pipeline().TriggerName)",
															"type": "Expression"
														},
														"MainRunId": {
															"value": "@COALESCE(pipeline().parameters.MainRunId,pipeline().RunId)",
															"type": "Expression"
														}
													}
												}
											}
										]
									},
									{
										"value": "Extract",
										"activities": [
											{
												"name": "Execute Extraction Module",
												"type": "ExecutePipeline",
												"dependsOn": [],
												"policy": {
													"secureInput": false
												},
												"userProperties": [],
												"typeProperties": {
													"pipeline": {
														"referenceName": "PL_01_Data_Extraction_Main",
														"type": "PipelineReference"
													},
													"waitOnCompletion": true,
													"parameters": {
														"MainRunId": {
															"value": "@COALESCE(pipeline().parameters.MainRunId,pipeline().RunId)",
															"type": "Expression"
														},
														"TriggerName": {
															"value": "@COALESCE(pipeline().parameters.TriggerName,pipeline().TriggerName)",
															"type": "Expression"
														},
														"FactoryName": {
															"value": "@COALESCE(pipeline().parameters.FactoryName,pipeline().DataFactory)",
															"type": "Expression"
														}
													}
												}
											}
										]
									}
								]
							}
						}
					]
				}
			},
			{
				"name": "Lookup active modules by TriggerName",
				"description": "Gets the distinct Modules that are configured by specified TriggerName",
				"type": "Lookup",
				"dependsOn": [],
				"policy": {
					"timeout": "0.12:00:00",
					"retry": 0,
					"retryIntervalInSeconds": 30,
					"secureOutput": false,
					"secureInput": false
				},
				"userProperties": [],
				"typeProperties": {
					"source": {
						"type": "AzureSqlSource",
						"sqlReaderStoredProcedureName": "[dbo].[sps_LookupActiveModules]",
						"storedProcedureParameters": {
							"FactoryName": {
								"type": "String",
								"value": {
									"value": "@COALESCE(pipeline().parameters.FactoryName,pipeline().DataFactory)",
									"type": "Expression"
								}
							},
							"TriggerName": {
								"type": "String",
								"value": {
									"value": "@COALESCE(pipeline().parameters.TriggerName,pipeline().TriggerName)",
									"type": "Expression"
								}
							},
							"MainRunId": {
								"type": "String",
								"value": {
									"value": "@pipeline().parameters.MainRunId",
									"type": "Expression"
								}
							}
						},
						"queryTimeout": "02:00:00",
						"partitionOption": "None"
					},
					"dataset": {
						"referenceName": "DS_SQL_MetastoreDB",
						"type": "DatasetReference",
						"parameters": {
							"tableName": "dummy",
							"tableSchema": "dummy"
						}
					},
					"firstRowOnly": false
				}
			}
		],
		"parameters": {
			"FactoryName": {
				"type": "string",
				"defaultValue": null
			},
			"TriggerName": {
				"type": "string",
				"defaultValue": null
			},
			"SourceName": {
				"type": "string",
				"defaultValue": null
			},
			"SrcObjectType": {
				"type": "string",
				"defaultValue": null
			},
			"MainRunId": {
				"type": "string",
				"defaultValue": null
			}
		},
		"annotations": [],
		"lastPublishTime": "2022-06-17T16:52:56Z"
	},
	"type": "Microsoft.DataFactory/factories/pipelines"
}